{"training_time": 6055.1800532341, "test_accuracy": 0.8155999779701233}