{"training_time": 5804.651992321014, "test_accuracy": 0.8087000250816345}