{"accuracy": [0.6319555640220642, 0.7377777695655823, 0.7409999966621399, 0.7408444285392761, 0.7415333390235901, 0.743577778339386, 0.7426444292068481, 0.7409555315971375, 0.742733359336853, 0.743244469165802, 0.7434222102165222, 0.7432222366333008, 0.7383999824523926, 0.7424444556236267, 0.7415778040885925, 0.7442888617515564, 0.742222249507904, 0.7413777709007263, 0.7466222047805786, 0.7419333457946777], "loss": [1.4214078187942505, 0.7875945568084717, 0.7821423411369324, 0.7758967876434326, 0.7741518020629883, 0.7719951272010803, 0.776380181312561, 0.7749089598655701, 0.7735084891319275, 0.7698915600776672, 0.7712827920913696, 0.7766376733779907, 0.788895308971405, 0.7763371467590332, 0.7730197906494141, 0.7696196436882019, 0.7778921127319336, 0.7721427083015442, 0.7723896503448486, 0.7750758528709412], "val_accuracy": [0.8163999915122986, 0.8141999840736389, 0.8126000165939331, 0.8223999738693237, 0.8199999928474426, 0.8263999819755554, 0.8240000009536743, 0.8222000002861023, 0.8252000212669373, 0.8167999982833862, 0.8116000294685364, 0.8248000144958496, 0.8184000253677368, 0.8222000002861023, 0.8162000179290771, 0.8266000151634216, 0.8145999908447266, 0.8137999773025513, 0.8094000220298767, 0.8112000226974487], "val_loss": [0.5173503756523132, 0.5209574699401855, 0.5191662311553955, 0.5000951886177063, 0.4989088475704193, 0.4918612241744995, 0.5021674036979675, 0.5043275356292725, 0.49664732813835144, 0.5174921154975891, 0.5251073241233826, 0.5038467049598694, 0.5060103535652161, 0.505234956741333, 0.5173268914222717, 0.49784594774246216, 0.5235545635223389, 0.5262623429298401, 0.5296043753623962, 0.5285438299179077]}