{"accuracy": [0.633733332157135, 0.7362444400787354, 0.7406666874885559, 0.7425777912139893, 0.7437111139297485, 0.7441555261611938, 0.7443777918815613, 0.7452444434165955, 0.7441333532333374, 0.74391108751297, 0.7459333539009094, 0.7450000047683716, 0.7447111010551453, 0.7450888752937317, 0.7449111342430115, 0.7452222108840942, 0.7458444237709045, 0.7455999851226807, 0.7472666501998901, 0.7472888827323914], "loss": [1.380046010017395, 0.7931671738624573, 0.7753980159759521, 0.7673455476760864, 0.7637163996696472, 0.7685421109199524, 0.7691536545753479, 0.7584547996520996, 0.7612713575363159, 0.7628004550933838, 0.7589520215988159, 0.7625271081924438, 0.7593073844909668, 0.766170859336853, 0.7620936632156372, 0.7646615505218506, 0.7607700228691101, 0.7580338716506958, 0.7605834007263184, 0.7594778537750244], "val_accuracy": [0.8169999718666077, 0.8184000253677368, 0.8230000138282776, 0.8241999745368958, 0.8148000240325928, 0.8267999887466431, 0.8104000091552734, 0.826200008392334, 0.8202000260353088, 0.8209999799728394, 0.8205999732017517, 0.8116000294685364, 0.8202000260353088, 0.8127999901771545, 0.8222000002861023, 0.8276000022888184, 0.8159999847412109, 0.8220000267028809, 0.8163999915122986, 0.8144000172615051], "val_loss": [0.5278739333152771, 0.5193120837211609, 0.510964572429657, 0.4996326267719269, 0.5226171016693115, 0.4950017035007477, 0.5383142828941345, 0.4957968294620514, 0.5179391503334045, 0.4959765672683716, 0.496442973613739, 0.5278356671333313, 0.5149885416030884, 0.5254072546958923, 0.5032393932342529, 0.49270278215408325, 0.5261178612709045, 0.5084819793701172, 0.521001398563385, 0.53773432970047]}