{"accuracy": [0.6342889070510864, 0.7382444739341736, 0.7369333505630493, 0.7399111390113831, 0.7430444359779358, 0.7390666604042053, 0.7411777973175049, 0.7441333532333374, 0.7436444163322449, 0.7412889003753662, 0.7394222021102905, 0.7427777647972107, 0.7394888997077942, 0.7398222088813782, 0.7420666813850403, 0.7439333200454712, 0.744422197341919, 0.7429999709129333, 0.7451555728912354, 0.7421333193778992], "loss": [1.4128808975219727, 0.7928574681282043, 0.7821407914161682, 0.782524585723877, 0.7695111036300659, 0.7809160351753235, 0.7768712639808655, 0.7761781215667725, 0.7775609493255615, 0.7777041792869568, 0.7780604362487793, 0.774385392665863, 0.7807201147079468, 0.7829635143280029, 0.777115523815155, 0.7672913074493408, 0.7753459215164185, 0.7757725715637207, 0.7748257517814636, 0.7726957201957703], "val_accuracy": [0.817799985408783, 0.8159999847412109, 0.824999988079071, 0.8202000260353088, 0.8176000118255615, 0.819599986076355, 0.823199987411499, 0.8151999711990356, 0.8149999976158142, 0.8248000144958496, 0.8235999941825867, 0.8238000273704529, 0.8216000199317932, 0.8046000003814697, 0.8119999766349792, 0.8131999969482422, 0.8227999806404114, 0.8284000158309937, 0.8187999725341797, 0.8148000240325928], "val_loss": [0.5276097059249878, 0.5231067538261414, 0.5069284439086914, 0.5064128041267395, 0.5075482726097107, 0.5152302980422974, 0.5002394318580627, 0.518369197845459, 0.5231260061264038, 0.48929691314697266, 0.49373623728752136, 0.510824978351593, 0.5093547701835632, 0.5561444163322449, 0.5306904911994934, 0.5261185765266418, 0.4987202286720276, 0.4898061156272888, 0.5217618942260742, 0.5137970447540283]}