{"training_time": 5744.208878517151, "test_accuracy": 0.8134999871253967}