{"accuracy": [0.5418221950531006, 0.7381333112716675, 0.7485777735710144, 0.7464666962623596, 0.7472888827323914, 0.7472222447395325, 0.746844470500946, 0.7492222189903259, 0.7509777545928955, 0.7488889098167419, 0.750844419002533, 0.7480888962745667, 0.7494221925735474, 0.7516000270843506, 0.749666690826416, 0.7499333620071411, 0.7491333484649658, 0.7488666772842407, 0.7496222257614136, 0.7487778067588806], "loss": [2.169930934906006, 0.8030887246131897, 0.7619192600250244, 0.7553765773773193, 0.7559031844139099, 0.7576017379760742, 0.7561755180358887, 0.7463275790214539, 0.7465409636497498, 0.7569779753684998, 0.7491496801376343, 0.7493348717689514, 0.7465624213218689, 0.75111985206604, 0.7493639588356018, 0.7495222091674805, 0.7491419911384583, 0.7556959986686707, 0.750804603099823, 0.7521893382072449], "val_accuracy": [0.8116000294685364, 0.8256000280380249, 0.824400007724762, 0.8227999806404114, 0.8284000158309937, 0.8270000219345093, 0.8248000144958496, 0.8198000192642212, 0.8271999955177307, 0.8357999920845032, 0.8235999941825867, 0.8274000287055969, 0.829200029373169, 0.8271999955177307, 0.8266000151634216, 0.8258000016212463, 0.8252000212669373, 0.8281999826431274, 0.8284000158309937, 0.829800009727478], "val_loss": [0.5282383561134338, 0.49534887075424194, 0.49963057041168213, 0.5060329437255859, 0.49036937952041626, 0.4915257394313812, 0.4950621724128723, 0.5069572329521179, 0.49027320742607117, 0.4842539429664612, 0.48914122581481934, 0.490264892578125, 0.48232290148735046, 0.48195013403892517, 0.49572694301605225, 0.5043224096298218, 0.4913574755191803, 0.48893284797668457, 0.4880244731903076, 0.4846919775009155]}