{"training_time": 5813.766118049622, "test_accuracy": 0.8312000036239624}