{"accuracy": [0.6275333166122437, 0.7369333505630493, 0.7436222434043884, 0.7430444359779358, 0.7417333126068115, 0.7425777912139893, 0.7418444156646729, 0.742888867855072, 0.7416222095489502, 0.7444888949394226, 0.7439777851104736, 0.7406222224235535, 0.745377779006958, 0.740933358669281, 0.7419111132621765, 0.7437999844551086, 0.7458444237709045, 0.7439333200454712, 0.7413111329078674, 0.742111086845398], "loss": [1.4219521284103394, 0.7900887131690979, 0.7719760537147522, 0.7649098038673401, 0.7734290957450867, 0.7764257788658142, 0.7719003558158875, 0.7755587100982666, 0.7745818495750427, 0.766596794128418, 0.7684065103530884, 0.7743842005729675, 0.7644833922386169, 0.7724229097366333, 0.7692646980285645, 0.7721562385559082, 0.7654543519020081, 0.7681614756584167, 0.7695302367210388, 0.7711553573608398], "val_accuracy": [0.8133999705314636, 0.8184000253677368, 0.8270000219345093, 0.8234000205993652, 0.8184000253677368, 0.8258000016212463, 0.8187999725341797, 0.8180000185966492, 0.8258000016212463, 0.8198000192642212, 0.8299999833106995, 0.8187999725341797, 0.828000009059906, 0.8281999826431274, 0.8271999955177307, 0.8235999941825867, 0.8263999819755554, 0.823199987411499, 0.8216000199317932, 0.8276000022888184], "val_loss": [0.5214179158210754, 0.5161085724830627, 0.49627256393432617, 0.511433482170105, 0.519627034664154, 0.49741876125335693, 0.5113691687583923, 0.5151522159576416, 0.5096900463104248, 0.5062106251716614, 0.48793184757232666, 0.5081304311752319, 0.4924740791320801, 0.4901106059551239, 0.49063974618911743, 0.4996967911720276, 0.4934863746166229, 0.5014427900314331, 0.5152955651283264, 0.5030323266983032]}