{"training_time": 5747.203651666641, "test_accuracy": 0.8267999887466431}