{"training_time": 6012.227033615112, "test_accuracy": 0.7824000120162964}