{"accuracy": [0.6358000040054321, 0.7044000029563904, 0.7130666375160217, 0.7179111242294312, 0.716688871383667, 0.7194222211837769, 0.7226444482803345, 0.721488893032074, 0.7210000157356262, 0.7195555567741394, 0.7197777628898621, 0.719688892364502, 0.7205333113670349, 0.7227555513381958, 0.720466673374176, 0.7225777506828308, 0.725088894367218, 0.7225111126899719, 0.7216222286224365, 0.7197555303573608], "loss": [1.376969337463379, 0.9609674215316772, 0.9326948523521423, 0.9068090319633484, 0.9221382141113281, 0.9014859199523926, 0.89991694688797, 0.8869026303291321, 0.8942906260490417, 0.9081066846847534, 0.9120279550552368, 0.903247594833374, 0.9046722054481506, 0.8930299282073975, 0.8989276885986328, 0.9047509431838989, 0.8933373093605042, 0.8909239768981934, 0.8982501029968262, 0.905560314655304], "val_accuracy": [0.7760000228881836, 0.7996000051498413, 0.8137999773025513, 0.8131999969482422, 0.8148000240325928, 0.8026000261306763, 0.7973999977111816, 0.8205999732017517, 0.8094000220298767, 0.8046000003814697, 0.8082000017166138, 0.7907999753952026, 0.800599992275238, 0.8023999929428101, 0.7494000196456909, 0.7919999957084656, 0.8235999941825867, 0.7954000234603882, 0.8058000206947327, 0.7785999774932861], "val_loss": [0.6659085750579834, 0.5923850536346436, 0.5201568603515625, 0.5345109105110168, 0.5294159650802612, 0.563119649887085, 0.5628045201301575, 0.49988695979118347, 0.5434382557868958, 0.5526242256164551, 0.535698413848877, 0.606187641620636, 0.5765695571899414, 0.5718433260917664, 0.693178653717041, 0.5992600917816162, 0.49719759821891785, 0.5968002676963806, 0.5475582480430603, 0.6404216289520264]}