{"training_time": 5553.617041110992, "test_accuracy": 0.817799985408783}