{"accuracy": [0.6434000134468079, 0.7134666442871094, 0.7170666456222534, 0.7217555642127991, 0.7262666821479797, 0.7242666482925415, 0.7239555716514587, 0.7224000096321106, 0.7269999980926514, 0.7280666828155518, 0.7253999710083008, 0.728088915348053, 0.7239999771118164, 0.7276444435119629, 0.7281555533409119, 0.7241111397743225, 0.7282000184059143, 0.7310888767242432, 0.7284444570541382, 0.7283999919891357], "loss": [1.3030829429626465, 0.9130958914756775, 0.8893807530403137, 0.8733533024787903, 0.8635745048522949, 0.8711622357368469, 0.8707932233810425, 0.8687210083007812, 0.8571937680244446, 0.8624170422554016, 0.861099123954773, 0.8583774566650391, 0.8616309762001038, 0.8592038154602051, 0.8592197299003601, 0.8666197061538696, 0.8615858554840088, 0.8525314927101135, 0.8501815795898438, 0.8561931252479553], "val_accuracy": [0.7724000215530396, 0.7911999821662903, 0.7824000120162964, 0.8116000294685364, 0.7770000100135803, 0.8151999711990356, 0.8123999834060669, 0.8059999942779541, 0.8202000260353088, 0.795799970626831, 0.8069999814033508, 0.8087999820709229, 0.8051999807357788, 0.8216000199317932, 0.8154000043869019, 0.7914000153541565, 0.7868000268936157, 0.8155999779701233, 0.8123999834060669, 0.8180000185966492], "val_loss": [0.6448638439178467, 0.5823136568069458, 0.6231382489204407, 0.5173433423042297, 0.6360201835632324, 0.5283815860748291, 0.5450055003166199, 0.5407697558403015, 0.4960258901119232, 0.5709373354911804, 0.544697105884552, 0.5453974604606628, 0.5657439827919006, 0.5093936324119568, 0.5345070958137512, 0.5852513909339905, 0.5961452126502991, 0.5285446047782898, 0.5183594822883606, 0.5163030028343201]}