{"training_time": 385.90314054489136, "test_accuracy": 0.8497999906539917}