{"accuracy": [0.7517555356025696, 0.8062000274658203, 0.8130000233650208, 0.8155111074447632, 0.8137778043746948, 0.8179110884666443, 0.8178666830062866, 0.8171111345291138, 0.8181333541870117, 0.8177555799484253, 0.817288875579834, 0.8200888633728027, 0.8179555535316467, 0.8181111216545105, 0.8181333541870117, 0.8182888627052307, 0.8171777725219727, 0.8169777989387512, 0.8189333081245422, 0.8206666707992554], "loss": [0.7706061005592346, 0.5823209285736084, 0.5667812824249268, 0.5620415210723877, 0.5602301359176636, 0.5561956763267517, 0.5512332320213318, 0.5617933869361877, 0.5606215596199036, 0.5569536089897156, 0.5595071911811829, 0.550513505935669, 0.5518283247947693, 0.5537222623825073, 0.5550113916397095, 0.5487234592437744, 0.5565570592880249, 0.5532510280609131, 0.5546501874923706, 0.5479964017868042], "val_accuracy": [0.849399983882904, 0.853600025177002, 0.847000002861023, 0.8543999791145325, 0.8575999736785889, 0.8539999723434448, 0.8547999858856201, 0.8521999716758728, 0.8579999804496765, 0.8587999939918518, 0.8551999926567078, 0.8582000136375427, 0.8546000123023987, 0.8461999893188477, 0.8600000143051147, 0.8592000007629395, 0.8583999872207642, 0.8583999872207642, 0.8586000204086304, 0.8551999926567078], "val_loss": [0.43637412786483765, 0.430784672498703, 0.44179022312164307, 0.4229632318019867, 0.42367392778396606, 0.4210484027862549, 0.4213082492351532, 0.4256190061569214, 0.4194353520870209, 0.4176141023635864, 0.4173453748226166, 0.41664570569992065, 0.4256679117679596, 0.45248082280158997, 0.4143745005130768, 0.42765840888023376, 0.42681875824928284, 0.41863295435905457, 0.4168388545513153, 0.4292019009590149]}