{"training_time": 373.9125416278839, "test_accuracy": 0.8446999788284302}