{"accuracy": [0.7525110840797424, 0.8083111047744751, 0.8129333257675171, 0.8123777508735657, 0.8153777718544006, 0.8159777522087097, 0.8139777779579163, 0.8145333528518677, 0.8146666884422302, 0.8156889081001282, 0.8164222240447998, 0.8160444498062134, 0.8162888884544373, 0.8155333399772644, 0.8186222314834595, 0.8173778057098389, 0.8166221976280212, 0.8164666891098022, 0.8147110939025879, 0.8171111345291138], "loss": [0.7694781422615051, 0.5809622406959534, 0.5721531510353088, 0.5723148584365845, 0.5691476464271545, 0.5666457414627075, 0.566377580165863, 0.5665153861045837, 0.5725878477096558, 0.5604771971702576, 0.5642409324645996, 0.5681683421134949, 0.5649352669715881, 0.5688215494155884, 0.5615036487579346, 0.5655125975608826, 0.5646851062774658, 0.5708093047142029, 0.570655107498169, 0.5669768452644348], "val_accuracy": [0.8374000191688538, 0.848800003528595, 0.8429999947547913, 0.8537999987602234, 0.8518000245094299, 0.8471999764442444, 0.8555999994277954, 0.8521999716758728, 0.8533999919891357, 0.8521999716758728, 0.8514000177383423, 0.8501999974250793, 0.8420000076293945, 0.8521999716758728, 0.853600025177002, 0.8515999913215637, 0.8539999723434448, 0.8618000149726868, 0.8464000225067139, 0.8447999954223633], "val_loss": [0.4656221270561218, 0.438595175743103, 0.4460093379020691, 0.43265169858932495, 0.4346849024295807, 0.43869468569755554, 0.4237373471260071, 0.4340856373310089, 0.4445706605911255, 0.4391537010669708, 0.4451213479042053, 0.43766629695892334, 0.4495201110839844, 0.4508534073829651, 0.4340696334838867, 0.44454145431518555, 0.4263288080692291, 0.42311450839042664, 0.45850786566734314, 0.4480353593826294]}