{"training_time": 374.18882060050964, "test_accuracy": 0.8531000018119812}