{"accuracy": [0.7536666393280029, 0.8059333562850952, 0.8116666674613953, 0.8124666810035706, 0.8157555460929871, 0.8146666884422302, 0.8140000104904175, 0.8156889081001282, 0.8148666620254517, 0.8179110884666443, 0.8176444172859192, 0.8186666369438171, 0.816266655921936, 0.8160222172737122, 0.8170222043991089, 0.8158000111579895, 0.8151999711990356, 0.815488874912262, 0.8137111067771912, 0.8163777589797974], "loss": [0.7709583044052124, 0.5803719758987427, 0.5722319483757019, 0.5746716260910034, 0.5661284923553467, 0.5695953369140625, 0.5711500644683838, 0.5664559006690979, 0.5689622759819031, 0.5615726113319397, 0.5624093413352966, 0.5631606578826904, 0.5677988529205322, 0.5690155625343323, 0.5726330876350403, 0.5631142258644104, 0.5689594745635986, 0.5667264461517334, 0.5733404159545898, 0.5684590935707092], "val_accuracy": [0.8435999751091003, 0.8510000109672546, 0.84579998254776, 0.853600025177002, 0.857200026512146, 0.8555999994277954, 0.8478000164031982, 0.857200026512146, 0.8529999852180481, 0.8434000015258789, 0.8565999865531921, 0.8579999804496765, 0.8561999797821045, 0.8525999784469604, 0.8551999926567078, 0.8593999743461609, 0.8626000285148621, 0.8557999730110168, 0.8583999872207642, 0.8592000007629395], "val_loss": [0.44683554768562317, 0.4291921854019165, 0.45775747299194336, 0.43882739543914795, 0.41373056173324585, 0.42389047145843506, 0.451924204826355, 0.4172763526439667, 0.4429202675819397, 0.453168660402298, 0.43181905150413513, 0.4199216365814209, 0.43958351016044617, 0.4361895024776459, 0.43002578616142273, 0.4219162166118622, 0.4303646385669708, 0.4288040101528168, 0.42474624514579773, 0.4240603446960449]}