{"training_time": 367.96949529647827, "test_accuracy": 0.8560000061988831}