{"accuracy": [0.7083777785301208, 0.8111777901649475, 0.8145999908447266, 0.816777765750885, 0.8176000118255615, 0.8180888891220093, 0.819088876247406, 0.8203111290931702, 0.8205778002738953, 0.8218222260475159, 0.8191555738449097, 0.8194222450256348, 0.8196889162063599, 0.8175333142280579, 0.8198222517967224, 0.821066677570343, 0.8199111223220825, 0.8186888694763184, 0.8203555345535278, 0.8207555413246155], "loss": [0.9498558044433594, 0.5743699073791504, 0.561198353767395, 0.5559943318367004, 0.5523501038551331, 0.5561555624008179, 0.5570496916770935, 0.5508279204368591, 0.5574907660484314, 0.5507987141609192, 0.5627322196960449, 0.5606389045715332, 0.5586262941360474, 0.5629470944404602, 0.5577199459075928, 0.5564267635345459, 0.5547676682472229, 0.5562298893928528, 0.5604265332221985, 0.5547334551811218], "val_accuracy": [0.853600025177002, 0.8560000061988831, 0.8564000129699707, 0.8547999858856201, 0.8575999736785889, 0.8568000197410583, 0.8583999872207642, 0.8568000197410583, 0.8574000000953674, 0.8593999743461609, 0.8611999750137329, 0.8610000014305115, 0.8611999750137329, 0.857200026512146, 0.8626000285148621, 0.859000027179718, 0.8582000136375427, 0.8528000116348267, 0.8528000116348267, 0.8610000014305115], "val_loss": [0.4285127520561218, 0.4145895540714264, 0.4150351583957672, 0.4209236204624176, 0.41890352964401245, 0.420810341835022, 0.4169186055660248, 0.4222179651260376, 0.41970282793045044, 0.4220837950706482, 0.4202662706375122, 0.4277876913547516, 0.41682007908821106, 0.4198439419269562, 0.4169452488422394, 0.4164847731590271, 0.4179009795188904, 0.4250534176826477, 0.4297049939632416, 0.41836607456207275]}