{"accuracy": [0.7510889172554016, 0.8066444396972656, 0.8139333128929138, 0.8112444281578064, 0.8160889148712158, 0.8164666891098022, 0.8149999976158142, 0.8186888694763184, 0.8153111338615417, 0.8163111209869385, 0.8164222240447998, 0.8159111142158508, 0.816266655921936, 0.8179110884666443, 0.8156222105026245, 0.8187333345413208, 0.8152444362640381, 0.8169333338737488, 0.8182666897773743, 0.8183333277702332], "loss": [0.777896523475647, 0.5806341767311096, 0.5654485821723938, 0.5704371333122253, 0.5620807409286499, 0.5575424432754517, 0.5688324570655823, 0.5581306219100952, 0.5677263736724854, 0.5650396943092346, 0.5648238062858582, 0.5704230070114136, 0.5609802007675171, 0.5618013739585876, 0.5684338808059692, 0.5610116124153137, 0.5635889172554016, 0.5668714642524719, 0.5631465911865234, 0.5668280124664307], "val_accuracy": [0.8503999710083008, 0.8582000136375427, 0.8485999703407288, 0.8532000184059143, 0.8510000109672546, 0.854200005531311, 0.8510000109672546, 0.8518000245094299, 0.8532000184059143, 0.8550000190734863, 0.8501999974250793, 0.8583999872207642, 0.8611999750137329, 0.8592000007629395, 0.8503999710083008, 0.8569999933242798, 0.848800003528595, 0.8456000089645386, 0.8546000123023987, 0.8529999852180481], "val_loss": [0.43054085969924927, 0.4217334985733032, 0.439713716506958, 0.4206989109516144, 0.44000351428985596, 0.4246407151222229, 0.43851563334465027, 0.43192875385284424, 0.4220554828643799, 0.42975547909736633, 0.4446040093898773, 0.42437371611595154, 0.4139282703399658, 0.4217433035373688, 0.43502020835876465, 0.4234400987625122, 0.44828441739082336, 0.4637642502784729, 0.42328324913978577, 0.4250349700450897]}