{"training_time": 390.9120111465454, "test_accuracy": 0.8481000065803528}