{"training_time": 371.8540201187134, "test_accuracy": 0.8551999926567078}