{"training_time": 360.54971742630005, "test_accuracy": 0.8568000197410583}