{"accuracy": [0.7324000000953674, 0.7954888939857483, 0.8069999814033508, 0.8112666606903076, 0.8135777711868286, 0.8184221982955933, 0.817799985408783, 0.8225777745246887, 0.8213111162185669, 0.8214889168739319, 0.8229777812957764, 0.8228444457054138, 0.8242666721343994, 0.8232889175415039, 0.8227999806404114, 0.8259999752044678, 0.8233333230018616, 0.823711097240448, 0.8233333230018616, 0.8258000016212463], "loss": [0.8333926200866699, 0.6117278337478638, 0.5724428296089172, 0.5595922470092773, 0.5499991178512573, 0.5372170805931091, 0.5362105369567871, 0.5291645526885986, 0.5267838835716248, 0.5228062272071838, 0.5206387639045715, 0.5193374156951904, 0.5181155800819397, 0.5186076164245605, 0.5192397832870483, 0.5128622055053711, 0.5203806757926941, 0.5163143277168274, 0.519554615020752, 0.5134903788566589], "val_accuracy": [0.8428000211715698, 0.8497999906539917, 0.8561999797821045, 0.8546000123023987, 0.853600025177002, 0.8560000061988831, 0.8578000068664551, 0.852400004863739, 0.8564000129699707, 0.8592000007629395, 0.8561999797821045, 0.8550000190734863, 0.8646000027656555, 0.8569999933242798, 0.8619999885559082, 0.8565999865531921, 0.8560000061988831, 0.8507999777793884, 0.8574000000953674, 0.8561999797821045], "val_loss": [0.45482373237609863, 0.4266926348209381, 0.42381903529167175, 0.4265311062335968, 0.4195329546928406, 0.4136159121990204, 0.40849563479423523, 0.4184955954551697, 0.40614330768585205, 0.40811967849731445, 0.4070342481136322, 0.41378578543663025, 0.4008896052837372, 0.40840116143226624, 0.39824599027633667, 0.4065466821193695, 0.4137187600135803, 0.41867807507514954, 0.411211222410202, 0.41147318482398987]}