{"accuracy": [0.7313777804374695, 0.7960222363471985, 0.8066889047622681, 0.812333345413208, 0.8133333325386047, 0.8173333406448364, 0.8194000124931335, 0.8194666504859924, 0.8211555480957031, 0.8205111026763916, 0.8224666714668274, 0.8242444396018982, 0.8211777806282043, 0.8244666457176208, 0.8244222402572632, 0.825177788734436, 0.8234444260597229, 0.827822208404541, 0.8245999813079834, 0.8277333378791809], "loss": [0.8284657001495361, 0.6074021458625793, 0.5714755058288574, 0.5541229844093323, 0.5528291463851929, 0.536597490310669, 0.5302035808563232, 0.5304139852523804, 0.5245658755302429, 0.5236430168151855, 0.5219101309776306, 0.5149205327033997, 0.5175024271011353, 0.5143325328826904, 0.5160199403762817, 0.516809344291687, 0.5165280699729919, 0.5103264451026917, 0.5136297941207886, 0.5069504380226135], "val_accuracy": [0.8435999751091003, 0.8452000021934509, 0.8456000089645386, 0.8478000164031982, 0.8537999987602234, 0.8547999858856201, 0.8529999852180481, 0.8537999987602234, 0.8519999980926514, 0.8592000007629395, 0.859000027179718, 0.8596000075340271, 0.8610000014305115, 0.86080002784729, 0.8575999736785889, 0.8568000197410583, 0.8569999933242798, 0.8555999994277954, 0.8587999939918518, 0.8569999933242798], "val_loss": [0.45686429738998413, 0.45154961943626404, 0.4362252950668335, 0.42642006278038025, 0.4177025854587555, 0.41651469469070435, 0.4233579933643341, 0.4107152819633484, 0.42761048674583435, 0.40364527702331543, 0.4124715328216553, 0.4021329879760742, 0.40032246708869934, 0.4079553186893463, 0.4015578031539917, 0.4030842185020447, 0.4191567301750183, 0.41652607917785645, 0.4024737775325775, 0.4023883640766144]}